Compare,Nuclide,Half-lives,Ind. Yield(% per fiss.),Cum. Yield(% per fiss.)
Compare,54 Xe 134,,0.0734,7.68
Compare,56 Ba 135,Stable,6.10e-6,7.62
Compare,55 Cs 135,2.3 My,6.30e-3,7.62
Compare,54 Xe 135,9.14 h,0.314,7.61
Compare,53 I 134,52.5 m,1.44,7.41
Compare,54 Xe 136,,3.48,7.05
Compare,55 Cs 133,Stable,2.04e-5,7.02
Compare,54 Xe 133,5.243 d,9.45e-3,7.02
Compare,44 Ru 103,39.247 d,1.26e-3,6.99
Compare,45 Rh 103,Stable,3.33e-8,6.99
Compare,43 Tc 103,54.2 s,0.253,6.99
Compare,53 I 133,20.8 h,0.554,6.97
Compare,45 Rh 103m,56.114 m,2.23e-7,6.92
Compare,42 Mo 100,7.3E+18 y,0.142,6.77
Compare,42 Mo 103,67.5 s,3.81,6.74
Compare,56 Ba 137,Stable,1.85e-3,6.61
Compare,55 Cs 137,30.08 y,0.597,6.61
Compare,53 I 135,6.57 h,4.29,6.54
Compare,56 Ba 137m,2.552 m,4.52e-3,6.26
Compare,43 Tc 99,211.1 ky,1.20e-5,6.21
Compare,44 Ru 99,Stable,8.61e-10,6.21
Compare,42 Mo 99,2.749 d,0.0375,6.21
Compare,44 Ru 102,Stable,7.65e-5,6.13
Compare,56 Ba 138,Stable,0.0526,6.12
Compare,44 Ru 104,Stable,0.0244,6.09
Compare,43 Tc 102m,4.35 m,0.0337,6.09
Compare,43 Tc 104,18.3 m,0.542,6.07
Compare,42 Mo 102,11.3 m,1.76,6.06
Compare,44 Ru 101,Stable,2.43e-6,6.02
Compare,43 Tc 101,14.2 m,0.0124,6.02
Compare,54 Xe 137,3.818 m,3.68,6.01
Compare,42 Mo 101,14.61 m,0.138,6.01
Compare,55 Cs 138,33.41 m,0.308,5.92
Compare,41 Nb 101,7.1 s,3.46,5.87
Compare,42 Mo 98,Stable,1.95e-3,5.83
Compare,41 Nb 98,2.86 s,0.133,5.78
Compare,40 Zr 98,30.7 s,2.92,5.65
Compare,45 Rh 105,35.36 h,1.38e-4,5.64
Compare,46 Pd 105,Stable,2.42e-8,5.64
Compare,44 Ru 105,4.44 h,0.0454,5.64
Compare,57 La 139,Stable,1.03e-3,5.64
Compare,56 Ba 139,83.06 m,0.226,5.64
Compare,43 Tc 105,7.6 m,1.59,5.60
Compare,42 Mo 104,60 s,4.29,5.53
Compare,43 Tc 99m,6.0067 h,2.81e-6,5.47
Compare,42 Mo 97,Stable,1.04e-4,5.41
Compare,41 Nb 97,72.1 m,0.0651,5.41
Compare,55 Cs 139,9.27 m,2.32,5.41
Compare,54 Xe 132,Stable,1.53e-3,5.41
Compare,53 I 132,2.295 h,0.133,5.39
Compare,58 Ce 140,Stable,1.31e-5,5.36
Compare,57 La 140,1.67855 d,0.0102,5.36
Compare,56 Ba 140,12.7527 d,1.48,5.35
Compare,40 Zr 97,16.749 h,1.58,5.33
Compare,58 Ce 141,32.508 d,2.29e-4,5.25
Compare,59 Pr 141,Stable,2.53e-8,5.25
Compare,57 La 141,3.92 h,0.0721,5.25
Compare,40 Zr 99,2.1 s,3.76,5.22
Compare,56 Ba 141,18.27 m,1.83,5.17
Compare,54 Xe 138,14.08 m,3.93,5.17
Compare,52 Te 132,3.204 d,2.25,5.14
Compare,40 Zr 100,7.1 s,4.78,5.13
Compare,41 Nb 97m,58.7 s,0.0153,5.03
Compare,58 Ce 142,,3.57e-3,4.93
Compare,57 La 142,91.1 m,0.299,4.93
Compare,40 Zr 96,2.0E+19 y,0.537,4.89
Compare,41 Nb 95,34.991 d,5.65e-4,4.82
Compare,42 Mo 95,Stable,9.34e-8,4.82
Compare,40 Zr 95,64.032 d,0.125,4.82
Compare,52 Te 134,41.8 m,4.40,4.81
Compare,39 Y 95,10.3 m,1.68,4.69
Compare,56 Ba 142,10.6 m,3.08,4.63
Compare,59 Pr 143,13.57 d,3.36e-5,4.41
Compare,60 Nd 143,Stable,2.91e-9,4.41
Compare,58 Ce 143,33.039 h,0.0267,4.41
Compare,57 La 143,14.2 m,0.815,4.39
Compare,39 Y 96,5.34 s,0.249,4.35
Compare,46 Pd 106,Stable,9.15e-7,4.35
Compare,45 Rh 106,30.07 s,2.22e-4,4.35
Compare,44 Ru 106,371.8 d,0.324,4.35
Compare,40 Zr 94,Stable,0.0301,4.32
Compare,39 Y 94,18.7 m,0.675,4.29
Compare,43 Tc 106,35.6 s,1.83,4.03
Compare,42 Mo 105,35.6 s,3.51,4.00
Compare,55 Cs 140,63.7 s,2.28,3.87
Compare,54 Xe 131,Stable,1.23e-5,3.86
Compare,53 I 131,8.0252 d,0.0229,3.86
Compare,40 Zr 93,1.53 My,1.69e-3,3.80
Compare,41 Nb 93,Stable,4.22e-7,3.80
Compare,39 Y 93,10.18 h,0.0870,3.80
Compare,39 Y 97,3.75 s,1.48,3.75
Compare,60 Nd 144,2.29E+15 y,1.37e-7,3.74
Compare,59 Pr 144,17.28 m,3.66e-5,3.74
Compare,58 Ce 144,284.91 d,0.116,3.74
Compare,41 Nb 99,15.0 s,0.0750,3.73
Compare,57 La 144,40.8 s,1.31,3.62
Compare,38 Sr 93,7.423 m,2.14,3.62
Compare,38 Sr 94,75.3 s,2.92,3.62
Compare,41 Nb 93m,16.13 y,9.89e-8,3.61
Compare,56 Ba 143,14.5 s,2.89,3.57
Compare,52 Te 133m,55.4 m,2.89,3.40
Compare,55 Cs 141,24.84 s,2.87,3.35
Compare,46 Pd 107,6.5 My,6.81e-6,3.33
Compare,47 Ag 107,Stable,1.26e-10,3.33
Compare,45 Rh 107,21.7 m,0.0761,3.33
Compare,41 Nb 100,1.5 s,0.750,3.32
Compare,41 Nb 100m,2.99 s,0.750,3.32
Compare,44 Ru 107,225 s,0.837,3.25
Compare,54 Xe 139,39.68 s,2.79,3.09
Compare,38 Sr 95,23.90 s,2.61,3.01
Compare,40 Zr 92,Stable,9.44e-5,3.01
Compare,39 Y 92,3.54 h,0.0451,3.01
Compare,59 Pr 145,5.984 h,5.78e-3,2.99
Compare,60 Nd 145,Stable,5.93e-6,2.99
Compare,58 Ce 145,3.01 m,0.456,2.98
Compare,52 Te 131,25.0 m,0.451,2.98
Compare,38 Sr 92,2.71 h,1.02,2.96
Compare,41 Nb 103,1.5 s,2.70,2.93
Compare,52 Te 133,12.5 m,1.77,2.91
Compare,41 Nb 102,4.3 s,1.54,2.76
Compare,57 La 145,24.8 s,1.70,2.52
Compare,51 Sb 131,23.03 m,1.90,2.51
Compare,39 Y 91,58.51 d,1.24e-3,2.49
Compare,40 Zr 91,Stable,3.69e-6,2.49
Compare,38 Sr 91,9.63 h,0.386,2.48
Compare,60 Nd 146,Stable,8.11e-5,2.46
Compare,59 Pr 146,24.15 m,0.0195,2.46
Compare,41 Nb 99m,2.5 m,0.881,2.45
Compare,58 Ce 146,13.52 m,1.04,2.44
Compare,53 I 137,24.5 s,2.30,2.43
Compare,43 Tc 107,21.2 s,1.82,2.42
Compare,40 Zr 101,2.3 s,2.33,2.41
Compare,52 Te 130,,0.205,2.36
Compare,56 Ba 144,11.5 s,2.16,2.31
Compare,52 Te 135,19.0 s,2.19,2.25
Compare,39 Y 96m,9.6 s,2.24,2.24
Compare,42 Mo 106,8.73 s,2.17,2.20
Compare,46 Pd 108,Stable,2.88e-4,2.16
Compare,45 Rh 108,16.8 s,0.0198,2.14
Compare,44 Ru 108,273 s,1.28,2.12
Compare,39 Y 90,64.00 h,9.65e-5,2.10
Compare,40 Zr 90,Stable,3.00e-8,2.10
Compare,38 Sr 90,28.79 y,0.0969,2.10
Compare,51 Sb 132,2.79 m,1.86,2.10
Compare,37 Rb 91,58.4 s,1.38,2.10
Compare,60 Nd 147,10.98 d,1.59e-3,2.00
Compare,61 Pm 147,2.6234 y,6.49e-7,2.00
Compare,62 Sm 147,106 Gy,1.83e-11,2.00
Compare,59 Pr 147,13.4 m,0.139,2.00
Compare,37 Rb 92,4.492 s,1.61,1.92
Compare,38 Sr 96,1.07 s,1.82,1.86
Compare,58 Ce 147,56.4 s,1.22,1.86
Compare,53 I 136,1.39 m,1.25,1.75
Compare,39 Y 89,Stable,1.63e-6,1.72
Compare,38 Sr 89,50.53 d,0.0151,1.72
Compare,54 Xe 135m,15.29 m,0.752,1.71
Compare,37 Rb 89,15.15 m,0.255,1.71
Compare,53 I 136m,46.9 s,1.64,1.65
Compare,60 Nd 148,Stable,0.0137,1.64
Compare,54 Xe 140,13.6 s,1.54,1.60
Compare,55 Cs 142,1.684 s,1.40,1.54
Compare,41 Nb 102m,1.3 s,1.54,1.54
Compare,45 Rh 105m,40 s,2.07e-5,1.52
Compare,39 Y 98,548 ms,1.19,1.52
Compare,39 Y 99,1.470 s,1.44,1.48
Compare,45 Rh 109,80 s,0.0362,1.48
Compare,46 Pd 109,13.7012 h,1.41e-7,1.48
Compare,47 Ag 109,Stable,no data,1.48
Compare,47 Ag 109m,39.6 s,no data,1.48
Compare,36 Kr 89,3.15 m,1.10,1.45
Compare,39 Y 91m,49.71 m,1.24e-3,1.44
Compare,37 Rb 93,5.84 s,1.36,1.42
Compare,53 I 129,15.7 My,3.85e-10,1.37
Compare,54 Xe 129,Stable,no data,1.37
Compare,51 Sb 129,4.40 h,0.381,1.37
Compare,39 Y 93m,820 ms,0.0870,1.34
Compare,38 Sr 88,Stable,6.79e-4,1.33
Compare,37 Rb 88,17.773 m,0.0573,1.33
Compare,59 Pr 148,2.29 m,0.309,1.32
Compare,52 Te 129,69.6 m,1.96e-4,1.29
Compare,37 Rb 90,158 s,0.141,1.28
Compare,53 I 138,6.23 s,1.27,1.28
Compare,36 Kr 88,2.84 h,0.747,1.27
Compare,36 Kr 90,32.32 s,1.10,1.26
Compare,40 Zr 102,2.9 s,1.22,1.22
Compare,61 Pm 149,53.08 h,2.43e-4,1.22
Compare,62 Sm 149,Stable,8.19e-8,1.22
Compare,60 Nd 149,1.728 h,0.0498,1.22
Compare,51 Sb 133,2.5 m,1.17,1.21
Compare,39 Y 98m,2.0 s,1.19,1.19
Compare,53 I 134m,3.52 m,1.18,1.18
Compare,59 Pr 149,2.26 m,0.568,1.17
Compare,51 Sb 130m,6.3 m,0.592,1.09
Compare,51 Sb 130,39.5 m,0.587,1.07
Compare,52 Te 131m,1.385 d,0.870,1.05
Compare,58 Ce 148,56 s,0.890,1.01
Compare,38 Sr 87,Stable,2.46e-5,1.00
Compare,37 Rb 87,48.1 Gy,0.0147,1.00
Compare,36 Kr 87,76.3 m,0.284,0.989
Compare,60 Nd 150,7.9E+18 y,0.174,0.966
Compare,44 Ru 109,34.5 s,0.498,0.907
Compare,43 Tc 108,5.17 s,0.626,0.842
Compare,56 Ba 145,4.31 s,0.803,0.827
Compare,57 La 146,6.27 s,0.581,0.820
Compare,59 Pr 150,6.19 s,0.509,0.793
Compare,38 Sr 97,429 ms,0.787,0.792
Compare,51 Sb 132m,246 s,0.545,0.788
Compare,36 Kr 86,Stable,0.0705,0.766
Compare,37 Rb 90m,258 s,0.604,0.742
Compare,62 Sm 151,90 y,3.85e-5,0.738
Compare,63 Eu 151,,4.55e-9,0.738
Compare,61 Pm 151,28.40 h,0.0108,0.738
Compare,52 Te 128,8.8E+18 y,4.26e-5,0.734
Compare,60 Nd 151,12.44 m,0.292,0.728
Compare,37 Rb 94,2.702 s,0.704,0.727
Compare,36 Kr 91,8.57 s,0.697,0.714
Compare,50 Sn 129,2.23 m,0.691,0.701
Compare,55 Cs 143,1.791 s,0.680,0.691
Compare,35 Br 87,55.65 s,0.553,0.691
Compare,51 Sb 128m,10.4 m,0.0574,0.672
Compare,57 La 147,4.06 s,0.611,0.646
Compare,46 Pd 110,Stable,4.43e-6,0.645
Compare,41 Nb 104,4.9 s,0.582,0.643
Compare,45 Rh 110,3.2 s,0.0154,0.630
Compare,50 Sn 128,59.07 m,0.273,0.614
Compare,44 Ru 110,11.6 s,0.574,0.614
Compare,58 Ce 149,5.3 s,0.562,0.598
Compare,42 Mo 107,3.5 s,0.586,0.596
Compare,55 Cs 138m,2.91 m,0.593,0.593
Compare,41 Nb 104m,940 ms,0.582,0.582
Compare,57 La 146m,10.0 s,0.581,0.581
Compare,62 Sm 152,Stable,4.30e-4,0.576
Compare,37 Rb 85,Stable,4.24e-5,0.574
Compare,36 Kr 85m,4.480 h,2.36e-3,0.564
Compare,35 Br 85,2.90 m,0.148,0.562
Compare,53 I 133m,9 s,0.554,0.554
Compare,61 Pm 152,4.12 m,0.0111,0.554
Compare,60 Nd 152,11.4 m,0.370,0.542
Compare,52 Te 136,17.5 s,0.506,0.508
Compare,35 Br 88,16.29 s,0.466,0.508
Compare,53 I 127,Stable,no data,0.506
Compare,51 Sb 127,3.85 d,0.0276,0.506
Compare,52 Te 127,9.35 h,7.36e-7,0.504
Compare,41 Nb 105,2.95 s,0.494,0.501
Compare,44 Ru 109m,,0.498,0.498
Compare,50 Sn 130,3.72 m,0.470,0.493
Compare,45 Rh 109m,,0.0362,0.490
Compare,35 Br 86,55.0 s,0.189,0.489
Compare,50 Sn 132,39.7 s,0.484,0.486
Compare,36 Kr 84,Stable,2.61e-3,0.480
Compare,50 Sn 130m,1.7 m,0.470,0.479
Compare,54 Xe 141,1.73 s,0.473,0.479
Compare,59 Pr 151,18.90 s,0.372,0.436
Compare,37 Rb 95,377.7 ms,0.432,0.433
Compare,35 Br 84,31.76 m,0.0273,0.429
Compare,43 Tc 109,860 ms,0.404,0.410
Compare,34 Se 84,3.26 m,0.327,0.402
Compare,63 Eu 153,Stable,2.51e-6,0.361
Compare,62 Sm 153,46.50 h,2.11e-3,0.361
Compare,61 Pm 153,5.25 m,0.0683,0.359
Compare,39 Y 100,735 ms,0.345,0.351
Compare,35 Br 89,4.40 s,0.344,0.349
Compare,50 Sn 127,2.10 h,0.304,0.340
Compare,43 Tc 102,5.28 s,0.0337,0.338
Compare,38 Sr 98,653 ms,0.327,0.328
Compare,53 I 139,2.280 s,0.319,0.320
Compare,36 Kr 92,1.840 s,0.309,0.312
Compare,50 Sn 131,56.0 s,0.304,0.312
Compare,59 Pr 148m,2.01 m,0.309,0.309
Compare,50 Sn 131m,58.4 s,0.304,0.304
Compare,34 Se 86,14.3 s,0.293,0.299
Compare,36 Kr 83,Stable,1.24e-4,0.297
Compare,36 Kr 83m,1.83 h,2.90e-5,0.297
Compare,35 Br 83,2.40 h,0.0171,0.297
Compare,48 Cd 111,Stable,no data,0.296
Compare,45 Rh 111,11 s,0.0443,0.296
Compare,46 Pd 111,23.4 m,8.14e-6,0.296
Compare,47 Ag 111,7.45 d,no data,0.295
Compare,47 Ag 111m,1.08 m,3.27e-12,0.294
Compare,60 Nd 153,31.6 s,0.240,0.291
Compare,50 Sn 129m,6.9 m,0.289,0.289
Compare,58 Ce 150,4.0 s,0.278,0.283
Compare,50 Sn 128m,6.5 s,0.273,0.273
Compare,62 Sm 154,Stable,9.38e-3,0.260
Compare,44 Ru 111,2.12 s,0.245,0.252
Compare,56 Ba 146,2.22 s,0.238,0.239
Compare,54 Xe 133m,2.19 d,0.0338,0.235
Compare,34 Se 82,Stable,0.0876,0.228
Compare,52 Te 129m,33.6 d,4.79e-4,0.228
Compare,40 Zr 103,1.3 s,0.223,0.224
Compare,42 Mo 108,1.09 s,0.215,0.216
Compare,35 Br 90,1.92 s,0.213,0.215
Compare,34 Se 85,31.7 s,0.205,0.212
Compare,61 Pm 154,1.73 m,0.0449,0.205
Compare,51 Sb 134,780 ms,0.199,0.203
Compare,52 Te 126,Stable,1.36e-7,0.202
Compare,34 Se 85m,,0.201,0.201
Compare,51 Sb 126m,19.15 m,1.17e-3,0.201
Compare,51 Sb 134m,10.07 s,0.199,0.199
Compare,50 Sn 126,230 ky,0.169,0.199
Compare,54 Xe 134m,290 ms,0.171,0.195
Compare,35 Br 86m,,0.189,0.189
Compare,35 Br 81,Stable,2.67e-4,0.184
Compare,34 Se 81,18.45 m,3.16e-3,0.183
Compare,59 Pr 152,3.63 s,0.160,0.172
Compare,63 Eu 155,4.753 y,1.93e-4,0.166
Compare,64 Gd 155,Stable,1.66e-7,0.166
Compare,62 Sm 155,22.3 m,0.0213,0.166
Compare,34 Se 83,22.3 m,0.119,0.163
Compare,60 Nd 154,25.9 s,0.151,0.161
Compare,33 As 81,33.3 s,0.103,0.159
Compare,55 Cs 144,994 ms,0.158,0.158
Compare,61 Pm 155,41.5 s,0.0921,0.144
Compare,54 Xe 142,1.23 s,0.141,0.143
Compare,50 Sn 127m,4.13 m,0.127,0.139
Compare,34 Se 87,5.50 s,0.137,0.138
Compare,51 Sb 126n,11.0 s,1.17e-3,0.134
Compare,53 I 132m,1.387 h,0.133,0.133
Compare,52 Te 137,2.49 s,0.129,0.130
Compare,46 Pd 112,21.03 h,9.47e-5,0.129
Compare,47 Ag 112,3.130 h,5.86e-11,0.129
Compare,48 Cd 112,Stable,no data,0.129
Compare,45 Rh 112,2.1 s,0.0357,0.128
Compare,64 Gd 156,Stable,3.94e-6,0.124
Compare,63 Eu 156,15.19 d,1.18e-3,0.124
Compare,33 As 83,13.4 s,0.115,0.123
Compare,62 Sm 156,9.4 h,0.0446,0.123
Compare,36 Kr 85,10.756 y,0.0100,0.123
Compare,57 La 148,1.26 s,0.117,0.120
Compare,34 Se 83m,70.1 s,0.0371,0.116
Compare,51 Sb 125,2.75856 y,6.58e-4,0.112
Compare,52 Te 125,Stable,1.43e-9,0.112
Compare,56 Ba 136,Stable,2.47e-4,0.0979
Compare,55 Cs 136,13.16 d,0.0487,0.0974
Compare,34 Se 80,,3.24e-3,0.0939
Compare,44 Ru 112,1.75 s,0.0921,0.0927
Compare,33 As 80,15.2 s,0.0319,0.0906
Compare,51 Sb 128,9.01 h,0.0621,0.0863
Compare,39 Y 101,450 ms,0.0840,0.0843
Compare,33 As 82,19.1 s,0.0568,0.0840
Compare,46 Pd 113,93 s,3.74e-4,0.0817
Compare,49 In 113,Stable,no data,0.0817
Compare,45 Rh 113,2.80 s,0.0435,0.0813
Compare,52 Te 127m,109 d,1.80e-6,0.0810
Compare,48 Cd 113,8.04E+15 y,no data,0.0807
Compare,50 Sn 124,Stable,0.0436,0.0786
Compare,61 Pm 156,26.7 s,0.0621,0.0783
Compare,64 Gd 157,Stable,2.90e-5,0.0742
Compare,63 Eu 157,15.18 h,3.46e-3,0.0741
Compare,47 Ag 113,5.37 h,1.81e-10,0.0735
Compare,50 Sn 125,9.64 d,0.0545,0.0716
Compare,62 Sm 157,8.03 m,0.0411,0.0707
Compare,36 Kr 93,1.286 s,0.0637,0.0686
Compare,51 Sb 135,1.679 s,0.0666,0.0668
Compare,58 Ce 151,1.76 s,0.0631,0.0636
Compare,40 Zr 104,1.2 s,0.0610,0.0611
Compare,47 Ag 114,4.6 s,1.50e-4,0.0603
Compare,48 Cd 114,Stable,2.22e-7,0.0603
Compare,46 Pd 114,2.42 m,0.0121,0.0601
Compare,53 I 140,860 ms,0.0594,0.0596
Compare,32 Ge 80,29.5 s,0.0549,0.0587
Compare,33 As 82m,13.6 s,0.0568,0.0568
Compare,32 Ge 81,7.6 s,0.0551,0.0565
Compare,54 Xe 131m,11.84 d,3.00e-5,0.0540
Compare,60 Nd 155,8.9 s,0.0507,0.0522
Compare,48 Cd 116,3.1E+19 y,2.56e-4,0.0507
Compare,59 Pr 153,4.28 s,0.0493,0.0504
Compare,55 Cs 136m,19 s,0.0487,0.0487
Compare,35 Br 84m,6.0 m,0.0485,0.0485
Compare,41 Nb 95m,3.61 d,1.32e-4,0.0483
Compare,45 Rh 114,1.85 s,0.0320,0.0480
Compare,37 Rb 96,203 ms,0.0391,0.0472
Compare,61 Pm 154m,2.68 m,0.0449,0.0449
Compare,50 Sn 122,Stable,5.26e-3,0.0447
Compare,41 Nb 98m,51.3 m,0.0445,0.0445
Compare,50 Sn 117,Stable,1.46e-9,0.0445
Compare,51 Sb 123,Stable,4.60e-4,0.0441
Compare,34 Se 79,295 ky,1.99e-4,0.0437
Compare,35 Br 79,Stable,5.69e-8,0.0437
Compare,34 Se 79m,3.92 m,2.97e-5,0.0435
Compare,33 As 79,9.01 m,8.01e-3,0.0434
Compare,46 Pd 116,11.8 s,0.0359,0.0428
Compare,50 Sn 115,Stable,no data,0.0426
Compare,34 Se 88,1.53 s,0.0420,0.0421
Compare,64 Gd 158,Stable,1.52e-4,0.0414
Compare,63 Eu 158,45.9 m,5.38e-3,0.0413
Compare,46 Pd 115,25 s,0.0215,0.0412
Compare,49 In 115,4.41E+14 y,1.41e-9,0.0412
Compare,43 Tc 110,920 ms,0.0402,0.0402
Compare,50 Sn 125m,9.52 m,0.0223,0.0394
Compare,48 Cd 115,53.46 h,2.03e-6,0.0391
Compare,49 In 115m,4.486 h,3.30e-10,0.0391
Compare,51 Sb 121,Stable,2.72e-7,0.0378
Compare,44 Ru 113,800 ms,0.0377,0.0378
Compare,38 Sr 99,270 ms,0.0375,0.0375
Compare,50 Sn 121,27.03 h,2.20e-4,0.0371
Compare,57 La 149,1.05 s,0.0363,0.0366
Compare,62 Sm 158,5.30 m,0.0293,0.0359
Compare,56 Ba 147,894 ms,0.0352,0.0353
Compare,41 Nb 106,930 ms,0.0349,0.0350
Compare,33 As 84,4.2 s,0.0328,0.0346
Compare,49 In 128,840 ms,0.0346,0.0346
Compare,49 In 128m,720 ms,0.0346,0.0346
Compare,50 Sn 133,1.46 s,0.0343,0.0343
Compare,49 In 130,290 ms,0.0111,0.0334
Compare,50 Sn 123m,40.06 m,4.24e-3,0.0333
Compare,33 As 84m,,0.0328,0.0328
Compare,50 Sn 118,Stable,1.32e-7,0.0325
Compare,49 In 118,5.0 s,5.77e-5,0.0325
Compare,48 Cd 118,50.3 m,3.90e-3,0.0324
Compare,48 Cd 117,2.49 h,4.52e-4,0.0323
Compare,50 Sn 119,Stable,1.10e-6,0.0322
Compare,47 Ag 115,20.0 m,7.15e-4,0.0308
Compare,50 Sn 120,Stable,7.28e-5,0.0306
Compare,49 In 117m,1.937 h,1.65e-6,0.0299
Compare,61 Pm 157,10.56 s,0.0274,0.0296
Compare,51 Sb 126,12.35 d,1.37e-3,0.0295
Compare,49 In 117,43.2 m,7.02e-6,0.0286
Compare,49 In 122,1.5 s,7.33e-3,0.0284
Compare,55 Cs 145,587 ms,0.0280,0.0280
Compare,48 Cd 120,50.80 s,0.0214,0.0273
Compare,32 Ge 82,4.55 s,0.0271,0.0273
Compare,47 Ag 116,237 s,3.82e-3,0.0252
Compare,47 Ag 116m,20 s,3.82e-3,0.0252
Compare,52 Te 125m,57.40 d,4.78e-9,0.0251
Compare,36 Kr 94,212 ms,0.0215,0.0242
Compare,49 In 127,1.09 s,0.0240,0.0240
Compare,49 In 127m,3.67 s,0.0240,0.0240
Compare,46 Pd 117,4.3 s,0.0222,0.0236
Compare,49 In 123,6.17 s,0.0194,0.0233
Compare,49 In 121,23.1 s,9.81e-3,0.0213
Compare,47 Ag 117,72.8 s,9.45e-3,0.0212
Compare,47 Ag 117m,5.34 s,9.45e-3,0.0212
Compare,34 Se 81m,57.28 m,0.0211,0.0211
Compare,32 Ge 79,18.98 s,0.0149,0.0208
Compare,47 Ag 118,3.76 s,9.88e-3,0.0208
Compare,65 Tb 159,Stable,1.28e-6,0.0207
Compare,64 Gd 159,18.479 h,4.53e-4,0.0207
Compare,63 Eu 159,18.1 m,6.84e-3,0.0202
Compare,35 Br 91,541 ms,0.0198,0.0198
Compare,45 Rh 108m,6.0 m,0.0198,0.0198
Compare,45 Rh 115,990 ms,0.0179,0.0197
Compare,59 Pr 144m,7.2 m,3.29e-4,0.0190
Compare,34 Se 78,Stable,1.17e-5,0.0188
Compare,33 As 78,90.7 m,9.88e-4,0.0188
Compare,32 Ge 78,88 m,0.0118,0.0178
Compare,49 In 124,3.12 s,0.0174,0.0176
Compare,48 Cd 122,5.24 s,0.0169,0.0174
Compare,49 In 124m,3.7 s,0.0174,0.0174
Compare,49 In 119,2.4 m,7.24e-4,0.0172
Compare,49 In 125,2.36 s,0.0171,0.0171
Compare,49 In 125m,12.2 s,0.0171,0.0171
Compare,60 Nd 156,5.49 s,0.0160,0.0161
Compare,44 Ru 114,520 ms,0.0158,0.0161
Compare,47 Ag 119,2.1 s,0.0144,0.0160
Compare,49 In 121m,3.88 m,2.30e-3,0.0160
Compare,49 In 119m,18.0 m,1.70e-4,0.0158
Compare,48 Cd 119,2.69 m,7.66e-3,0.0157
Compare,48 Cd 119m,2.20 m,7.66e-3,0.0157
Compare,45 Rh 110m,28.5 s,0.0154,0.0154
Compare,49 In 120,3.08 s,1.07e-3,0.0153
Compare,49 In 120m,46.2 s,1.07e-3,0.0153
Compare,32 Ge 79m,39 s,0.0149,0.0152
Compare,49 In 126m,1.64 s,0.0147,0.0147
Compare,49 In 126,1.53 s,0.0147,0.0147
Compare,33 As 85,2.021 s,0.0143,0.0144
Compare,47 Ag 118m,2.0 s,9.88e-3,0.0143
Compare,48 Cd 121,13.5 s,0.0113,0.0137
Compare,62 Sm 159,11.37 s,0.0121,0.0134
Compare,48 Cd 117m,3.36 h,1.51e-3,0.0121
Compare,58 Ce 152,1.4 s,0.0118,0.0118
Compare,47 Ag 115m,18.0 s,7.15e-4,0.0118
Compare,52 Te 138,1.4 s,0.0117,0.0117
Compare,48 Cd 121m,8.3 s,0.0113,0.0113
Compare,56 Ba 136m,308.4 ms,2.47e-4,0.0112
Compare,61 Pm 152m,7.52 m,0.0111,0.0111
Compare,61 Pm 152n,13.8 m,0.0111,0.0111
Compare,49 In 122m,10.3 s,7.33e-3,0.0110
Compare,50 Sn 123,129.2 d,0.0104,0.0104
Compare,59 Pr 154,2.3 s,9.70e-3,9.79e-3
Compare,41 Nb 107,300 ms,9.77e-3,9.78e-3
Compare,64 Gd 160,,9.67e-4,9.67e-3
Compare,46 Pd 118,1.9 s,8.63e-3,8.75e-3
Compare,63 Eu 160,38 s,4.59e-3,8.71e-3
Compare,49 In 131,280 ms,4.17e-3,8.36e-3
Compare,47 Ag 113m,68.7 s,1.21e-9,8.17e-3
Compare,36 Kr 96,80 ms,8.16e-3,8.16e-3
Compare,32 Ge 83,1.85 s,8.04e-3,8.05e-3
Compare,33 As 77,38.83 h,9.89e-5,7.23e-3
Compare,34 Se 77,Stable,3.88e-8,7.23e-3
Compare,53 I 141,430 ms,7.03e-3,7.04e-3
Compare,37 Rb 97,169.1 ms,5.35e-3,6.96e-3
Compare,45 Rh 116,680 ms,6.73e-3,6.93e-3
Compare,38 Sr 100,202 ms,6.76e-3,6.76e-3
Compare,43 Tc 111,290 ms,6.70e-3,6.70e-3
Compare,61 Pm 158,4.8 s,6.39e-3,6.61e-3
Compare,35 Br 93,102 ms,6.59e-3,6.59e-3
Compare,40 Zr 105,600 ms,6.40e-3,6.41e-3
Compare,55 Cs 135m,53 m,6.30e-3,6.30e-3
Compare,39 Y 102,360 ms,6.12e-3,6.13e-3
Compare,33 As 86,945 ms,6.00e-3,6.02e-3
Compare,31 Ga 78,5.09 s,5.51e-3,5.95e-3
Compare,42 Mo 109,530 ms,5.92e-3,5.92e-3
Compare,54 Xe 143,300 ms,5.88e-3,5.89e-3
Compare,54 Xe 143m,,5.88e-3,5.88e-3
Compare,49 In 123m,47.4 s,4.56e-3,5.72e-3
Compare,31 Ga 79,2.847 s,5.49e-3,5.62e-3
Compare,57 La 150,860 ms,5.21e-3,5.22e-3
Compare,49 In 129,610 ms,5.14e-3,5.14e-3
Compare,49 In 129m,1.23 s,5.14e-3,5.14e-3
Compare,48 Cd 123,2.10 s,5.00e-3,5.04e-3
Compare,34 Se 89,410 ms,5.03e-3,5.04e-3
Compare,65 Tb 161,6.906 d,2.85e-5,4.84e-3
Compare,66 Dy 161,Stable,5.53e-8,4.84e-3
Compare,64 Gd 161,3.66 m,1.25e-3,4.81e-3
Compare,54 Xe 130,Stable,2.94e-6,4.69e-3
Compare,53 I 130,12.36 h,3.28e-3,4.48e-3
Compare,31 Ga 77,13.2 s,3.78e-3,4.47e-3
Compare,32 Ge 77m,52.9 s,3.47e-4,4.28e-3
Compare,47 Ag 120,1.23 s,2.84e-3,4.13e-3
Compare,62 Sm 160,9.6 s,3.99e-3,4.12e-3
Compare,50 Sn 134,1.050 s,3.84e-3,3.84e-3
Compare,32 Ge 77,11.30 h,2.32e-3,3.76e-3
Compare,31 Ga 80,1.676 s,3.63e-3,3.66e-3
Compare,42 Mo 96,Stable,4.51e-6,3.61e-3
Compare,41 Nb 96,23.35 h,3.60e-3,3.60e-3
Compare,63 Eu 161,26 s,2.77e-3,3.56e-3
Compare,48 Cd 115m,44.56 d,6.80e-6,3.52e-3
Compare,50 Sn 121m,43.9 y,5.40e-4,2.94e-3
Compare,32 Ge 76,Stable,5.12e-4,2.93e-3
Compare,51 Sb 136,923 ms,2.92e-3,2.92e-3
Compare,47 Ag 120m,320 ms,2.84e-3,2.84e-3
Compare,35 Br 94,70 ms,2.71e-3,2.71e-3
Compare,56 Ba 148,612 ms,2.64e-3,2.64e-3
Compare,53 I 142,222 ms,2.47e-3,2.47e-3
Compare,35 Br 92,343 ms,2.46e-3,2.47e-3
Compare,31 Ga 76,32.6 s,1.54e-3,2.42e-3
Compare,47 Ag 121,780 ms,2.39e-3,2.41e-3
Compare,66 Dy 162,Stable,4.39e-7,2.23e-3
Compare,60 Nd 157,1.906 s,2.18e-3,2.19e-3
Compare,64 Gd 162,8.4 m,1.19e-3,2.17e-3
Compare,65 Tb 162,7.6 m,3.12e-5,2.16e-3
Compare,55 Cs 146,321 ms,2.13e-3,2.13e-3
Compare,32 Ge 84,954 ms,1.85e-3,1.86e-3
Compare,44 Ru 115,740 ms,1.80e-3,1.80e-3
Compare,46 Pd 119,920 ms,1.65e-3,1.66e-3
Compare,36 Kr 97,63 ms,1.61e-3,1.61e-3
Compare,49 In 132,207 ms,1.57e-3,1.57e-3
Compare,31 Ga 81,1.217 s,1.51e-3,1.51e-3
Compare,45 Rh 117,440 ms,1.43e-3,1.44e-3
Compare,59 Pr 155,852 ms,1.43e-3,1.43e-3
Compare,53 I 130m,8.84 m,1.41e-3,1.41e-3
Compare,32 Ge 75,82.78 m,7.88e-6,1.37e-3
Compare,33 As 75,Stable,2.68e-7,1.37e-3
Compare,31 Ga 75,126 s,5.83e-4,1.31e-3
Compare,36 Kr 82,Stable,4.49e-6,1.29e-3
Compare,46 Pd 111m,5.5 h,1.51e-5,1.29e-3
Compare,35 Br 82,35.282 h,8.99e-4,1.27e-3
Compare,33 As 87,560 ms,1.27e-3,1.27e-3
Compare,61 Pm 159,1.47 s,1.22e-3,1.23e-3
Compare,34 Se 90,161 ms,1.21e-3,1.22e-3
Compare,62 Sm 150,Stable,2.54e-6,1.15e-3
Compare,61 Pm 150,2.68 h,1.15e-3,1.15e-3
Compare,36 Kr 95,114 ms,1.11e-3,1.11e-3
Compare,58 Ce 153,979 ms,1.06e-3,1.06e-3
Compare,39 Y 103,230 ms,1.01e-3,1.01e-3
Compare,63 Eu 162,10.6 s,8.63e-4,9.74e-4
Compare,48 Cd 113m,14.1 y,no data,9.55e-4
Compare,41 Nb 108,193 ms,9.32e-4,9.32e-4
Compare,66 Dy 163,Stable,1.74e-6,9.16e-4
Compare,65 Tb 163,19.5 m,1.01e-4,9.14e-4
Compare,30 Zn 76,5.7 s,8.62e-4,8.78e-4
Compare,50 Sn 119m,293 d,3.68e-6,8.63e-4
Compare,52 Te 139,347 ms,8.13e-4,8.14e-4
Compare,64 Gd 163,68 s,5.99e-4,8.14e-4
Compare,62 Sm 161,4.8 s,7.80e-4,7.90e-4
Compare,54 Xe 144,1.15 s,7.42e-4,7.43e-4
Compare,30 Zn 75,10.2 s,6.84e-4,7.28e-4
Compare,30 Zn 77,2.08 s,6.76e-4,6.82e-4
Compare,37 Rb 98,114 ms,6.78e-4,6.78e-4
Compare,55 Cs 134,2.0652 y,3.35e-4,6.70e-4
Compare,56 Ba 134,Stable,2.02e-7,6.70e-4
Compare,32 Ge 74,Stable,5.60e-6,6.36e-4
Compare,43 Tc 112,280 ms,6.09e-4,6.09e-4
Compare,31 Ga 74,8.12 m,6.20e-5,5.19e-4
Compare,30 Zn 74,1.59 m,4.42e-4,5.07e-4
Compare,57 La 151,778 ms,4.78e-4,4.79e-4
Compare,31 Ga 74m,9.5 s,6.20e-5,4.42e-4
Compare,30 Zn 78,1.47 s,4.40e-4,4.40e-4
Compare,35 Br 82m,6.13 m,3.85e-4,3.85e-4
Compare,55 Cs 134m,2.912 h,3.35e-4,3.35e-4
Compare,66 Dy 164,Stable,4.48e-6,3.30e-4
Compare,65 Tb 164,3.0 m,7.75e-5,3.25e-4
Compare,43 Tc 100,15.46 s,3.07e-4,3.07e-4
Compare,44 Ru 100,Stable,7.07e-8,3.07e-4
Compare,38 Sr 101,118 ms,2.89e-4,2.89e-4
Compare,51 Sb 137,450 ms,2.75e-4,2.75e-4
Compare,48 Cd 124,1.25 s,2.74e-4,2.74e-4
Compare,43 Tc 114,150 ms,2.65e-4,2.66e-4
Compare,31 Ga 73,4.86 h,2.21e-5,2.62e-4
Compare,32 Ge 73,Stable,2.40e-7,2.62e-4
Compare,32 Ge 73m,499 ms,5.62e-8,2.62e-4
Compare,64 Gd 164,45 s,2.22e-4,2.48e-4
Compare,46 Pd 120,500 ms,2.43e-4,2.43e-4
Compare,30 Zn 73,23.5 s,1.65e-4,2.40e-4
Compare,47 Ag 122,529 ms,2.32e-4,2.34e-4
Compare,47 Ag 122m,200 ms,2.32e-4,2.32e-4
Compare,45 Rh 106m,131 m,2.22e-4,2.22e-4
Compare,60 Nd 158,1.331 s,2.19e-4,2.19e-4
Compare,56 Ba 149,344 ms,2.17e-4,2.17e-4
Compare,63 Eu 163,7.7 s,2.07e-4,2.15e-4
Compare,31 Ga 82,599 ms,2.02e-4,2.02e-4
Compare,44 Ru 116,204 ms,1.95e-4,1.96e-4
Compare,38 Sr 86,Stable,1.01e-6,1.84e-4
Compare,37 Rb 86,18.631 d,9.15e-5,1.83e-4
Compare,40 Zr 106,270 ms,1.83e-4,1.83e-4
Compare,39 Y 89m,15.663 s,6.95e-6,1.79e-4
Compare,48 Cd 130,162 ms,1.55e-4,1.55e-4
Compare,50 Sn 135,530 ms,1.43e-4,1.43e-4
Compare,52 Te 140,304 ms,1.41e-4,1.41e-4
Compare,67 Ho 165,Stable,4.76e-8,1.34e-4
Compare,66 Dy 165,2.334 h,7.24e-6,1.33e-4
Compare,59 Pr 156,733 ms,1.30e-4,1.30e-4
Compare,30 Zn 79,995 ms,1.29e-4,1.29e-4
Compare,45 Rh 118,266 ms,1.26e-4,1.26e-4
Compare,61 Pm 160,1.561 s,1.26e-4,1.26e-4
Compare,65 Tb 165,2.11 m,6.33e-5,1.26e-4
Compare,32 Ge 72,Stable,1.29e-8,1.22e-4
Compare,31 Ga 72,14.10 h,1.19e-6,1.21e-4
Compare,30 Zn 72,46.5 h,5.82e-5,1.19e-4
Compare,62 Sm 162,2.4 s,1.11e-4,1.11e-4
Compare,32 Ge 85,535 ms,1.08e-4,1.08e-4
Compare,32 Ge 75m,47.7 s,5.27e-5,1.05e-4
Compare,33 As 88,112 ms,1.02e-4,1.02e-4
Compare,51 Sb 124,60.20 d,3.33e-5,1.00e-4
Compare,52 Te 124,Stable,2.83e-10,1.00e-4
Compare,39 Y 90m,3.19 h,9.65e-5,9.65e-5
Compare,53 I 128,24.99 m,9.18e-5,9.18e-5
Compare,50 Sn 117m,13.60 d,1.46e-9,9.16e-5
Compare,37 Rb 86m,1.017 m,9.15e-5,9.15e-5
Compare,54 Xe 128,Stable,1.93e-9,8.61e-5
Compare,58 Ce 154,775 ms,8.57e-5,8.57e-5
Compare,43 Tc 113,160 ms,7.87e-5,7.87e-5
Compare,29 Cu 73,4.2 s,7.11e-5,7.46e-5
Compare,65 Tb 162m,,3.12e-5,7.46e-5
Compare,39 Y 104,180 ms,7.34e-5,7.34e-5
Compare,48 Cd 125,680 ms,6.95e-5,6.95e-5
Compare,68 Er 166,Stable,3.14e-10,6.66e-5
Compare,67 Ho 166,26.80 h,5.64e-8,6.65e-5
Compare,66 Dy 166,81.6 h,1.48e-5,6.64e-5
Compare,29 Cu 74,1.75 s,6.30e-5,6.44e-5
Compare,66 Dy 165m,1.257 m,1.08e-6,6.41e-5
Compare,64 Gd 165,10.3 s,5.96e-5,6.27e-5
Compare,57 La 138,102 Gy,6.16e-5,6.16e-5
Compare,29 Cu 72,6.63 s,5.23e-5,6.09e-5
Compare,54 Xe 145,188 ms,5.67e-5,5.67e-5
Compare,65 Tb 166,25.1 s,3.55e-5,5.16e-5
Compare,51 Sb 124m,93 s,3.33e-5,5.00e-5
Compare,47 Ag 123,300 ms,4.76e-5,4.76e-5
Compare,29 Cu 75,1.224 s,4.42e-5,4.45e-5
Compare,51 Sb 122,2.7238 d,1.85e-5,3.94e-5
Compare,52 Te 122,Stable,3.41e-8,3.82e-5
Compare,49 In 133,165 ms,3.81e-5,3.81e-5
Compare,31 Ga 71,Stable,1.36e-7,3.67e-5
Compare,37 Rb 99,54 ms,3.67e-5,3.67e-5
Compare,55 Cs 147,230 ms,3.45e-5,3.45e-5
Compare,30 Zn 80,540 ms,3.30e-5,3.30e-5
Compare,30 Zn 71,147 s,1.46e-6,3.03e-5
Compare,29 Cu 71,19.5 s,2.12e-5,2.88e-5
Compare,63 Eu 154,8.60 y,1.40e-5,2.80e-5
Compare,64 Gd 154,Stable,9.26e-9,2.80e-5
Compare,63 Eu 164,2.844 s,2.52e-5,2.56e-5
Compare,46 Pd 121,285 ms,2.47e-5,2.47e-5
Compare,57 La 152,451 ms,2.41e-5,2.41e-5
Compare,48 Cd 126,515 ms,2.30e-5,2.30e-5
Compare,31 Ga 83,308.1 ms,2.29e-5,2.29e-5
Compare,34 Se 77m,17.36 s,2.60e-7,2.20e-5
Compare,51 Sb 122m,4.191 m,2.09e-5,2.09e-5
Compare,30 Zn 70,,1.50e-6,1.99e-5
Compare,49 In 118m,267 s,9.60e-6,1.91e-5
Compare,58 Ce 138,Stable,7.71e-9,1.85e-5
Compare,32 Ge 86,95 ms,1.75e-5,1.75e-5
Compare,29 Cu 76,653 ms,1.66e-5,1.66e-5
Compare,41 Nb 94,20.3 ky,9.57e-6,1.62e-5
Compare,42 Mo 94,Stable,1.41e-9,1.62e-5
Compare,64 Gd 166,4.8 s,1.59e-5,1.61e-5
Compare,67 Ho 167,3.1 h,2.93e-7,1.52e-5
Compare,68 Er 167,Stable,1.05e-9,1.52e-5
Compare,66 Dy 167,6.20 m,6.38e-6,1.49e-5
Compare,40 Zr 107,150 ms,1.42e-5,1.42e-5
Compare,63 Eu 154m,46.0 m,1.40e-5,1.40e-5
Compare,46 Pd 107m,21.3 s,1.27e-5,1.27e-5
Compare,56 Ba 150,300 ms,1.20e-5,1.20e-5
Compare,60 Nd 159,773 ms,1.19e-5,1.19e-5
Compare,53 I 143,296 ms,1.15e-5,1.15e-5
Compare,29 Cu 70m,33 s,6.58e-6,1.14e-5
Compare,61 Pm 161,1.065 s,1.04e-5,1.04e-5
Compare,52 Te 141,213 ms,1.02e-5,1.02e-5
Compare,28 Ni 70,6.0 s,9.27e-6,9.63e-6
Compare,49 In 118n,8.5 s,9.60e-6,9.60e-6
Compare,48 Cd 131,68 ms,9.35e-6,9.35e-6
Compare,48 Cd 127,370 ms,8.87e-6,8.87e-6
Compare,44 Ru 117,142 ms,8.56e-6,8.56e-6
Compare,28 Ni 72,1.57 s,8.50e-6,8.54e-6
Compare,65 Tb 167,19.4 s,7.45e-6,8.54e-6
Compare,42 Mo 110,300 ms,8.32e-6,8.32e-6
Compare,45 Rh 119,171 ms,8.17e-6,8.17e-6
Compare,38 Sr 102,69 ms,8.03e-6,8.03e-6
Compare,62 Sm 163,1.748 s,7.95e-6,7.96e-6
Compare,28 Ni 71,2.56 s,7.49e-6,7.62e-6
Compare,59 Pr 157,598 ms,7.19e-6,7.19e-6
Compare,45 Rh 104,42.3 s,1.76e-6,7.02e-6
Compare,29 Cu 70,44.5 s,2.19e-6,7.01e-6
Compare,46 Pd 104,Stable,3.98e-10,6.99e-6
Compare,41 Nb 94m,6.263 m,6.65e-6,6.65e-6
Compare,51 Sb 138,168 ms,6.51e-6,6.51e-6
Compare,65 Tb 160,72.3 d,6.28e-6,6.28e-6
Compare,66 Dy 160,Stable,4.68e-9,6.28e-6
Compare,39 Y 105,88 ms,6.26e-6,6.26e-6
Compare,30 Zn 71m,3.96 h,6.24e-6,6.24e-6
Compare,56 Ba 135m,28.7 h,6.10e-6,6.10e-6
Compare,30 Zn 69,56.4 m,1.64e-8,5.89e-6
Compare,31 Ga 69,Stable,1.79e-10,5.89e-6
Compare,29 Cu 69,171 s,1.66e-6,5.81e-6
Compare,38 Sr 87m,2.815 h,5.77e-6,5.77e-6
Compare,62 Sm 148,7E+15 y,1.90e-9,5.76e-6
Compare,33 As 76,26.24 h,5.53e-6,5.53e-6
Compare,34 Se 76,Stable,7.06e-9,5.53e-6
Compare,29 Cu 77,469 ms,5.43e-6,5.44e-6
Compare,45 Rh 104m,4.34 m,5.27e-6,5.27e-6
Compare,33 As 89,59 ms,4.55e-6,4.55e-6
Compare,61 Pm 148m,41.29 d,4.50e-6,4.50e-6
Compare,68 Er 168,Stable,4.32e-9,4.29e-6
Compare,67 Ho 168,2.99 m,2.91e-7,4.28e-6
Compare,28 Ni 69,11.4 s,3.67e-6,4.14e-6
Compare,66 Dy 168,8.7 m,2.83e-6,3.99e-6
Compare,48 Cd 128,280 ms,3.96e-6,3.96e-6
Compare,30 Zn 81,320 ms,3.55e-6,3.55e-6
Compare,28 Ni 73,840 ms,3.49e-6,3.50e-6
Compare,58 Ce 155,471 ms,3.46e-6,3.46e-6
Compare,63 Eu 165,2.3 s,3.04e-6,3.05e-6
Compare,57 La 137,60 ky,2.82e-6,2.82e-6
Compare,34 Se 92,93 ms,2.26e-6,2.26e-6
Compare,37 Rb 100,51 ms,2.06e-6,2.06e-6
Compare,50 Sn 136,250 ms,1.93e-6,1.93e-6
Compare,43 Tc 115,73 ms,1.76e-6,1.76e-6
Compare,30 Zn 68,Stable,3.65e-9,1.62e-6
Compare,46 Pd 122,175 ms,1.62e-6,1.62e-6
Compare,29 Cu 68,31.1 s,4.97e-8,1.56e-6
Compare,54 Xe 146,369 ms,1.53e-6,1.53e-6
Compare,68 Er 167m,2.269 s,1.57e-10,1.52e-6
Compare,55 Cs 148,146 ms,1.51e-6,1.51e-6
Compare,35 Br 80,17.68 m,3.67e-7,1.47e-6
Compare,36 Kr 80,Stable,3.02e-9,1.47e-6
Compare,68 Er 169,9.392 d,1.11e-8,1.47e-6
Compare,69 Tm 169,Stable,1.52e-11,1.47e-6
Compare,38 Sr 103,68 ms,1.47e-6,1.47e-6
Compare,61 Pm 148,5.368 d,1.26e-6,1.46e-6
Compare,67 Ho 169,4.72 m,3.12e-7,1.46e-6
Compare,28 Ni 68,29 s,1.13e-6,1.45e-6
Compare,28 Ni 74,680 ms,1.35e-6,1.35e-6
Compare,31 Ga 84,85 ms,1.35e-6,1.35e-6
Compare,52 Te 123,,2.89e-7,1.26e-6
Compare,31 Ga 72m,39.68 ms,1.19e-6,1.19e-6
Compare,65 Tb 168,8.2 s,1.09e-6,1.16e-6
Compare,66 Dy 169,39 s,9.71e-7,1.15e-6
Compare,35 Br 80m,4.4205 h,1.10e-6,1.10e-6
Compare,35 Br 95,66 ms,1.09e-6,1.09e-6
Compare,59 Pr 142,19.12 h,5.45e-7,1.09e-6
Compare,60 Nd 142,Stable,3.46e-11,1.09e-6
Compare,64 Gd 167,3 s,1.08e-6,1.09e-6
Compare,33 As 90,43 ms,9.85e-7,9.85e-7
Compare,29 Cu 78,335 ms,9.79e-7,9.79e-7
Compare,52 Te 123m,119.2 d,9.67e-7,9.67e-7
Compare,32 Ge 87,140 ms,9.34e-7,9.34e-7
Compare,49 In 134,140 ms,8.95e-7,8.95e-7
Compare,57 La 153,342 ms,8.51e-7,8.51e-7
Compare,56 Ba 151,259 ms,6.94e-7,6.94e-7
Compare,35 Br 96,42 ms,6.20e-7,6.20e-7
Compare,53 I 144,194 ms,6.02e-7,6.02e-7
Compare,48 Cd 132,97 ms,5.68e-7,5.68e-7
Compare,52 Te 142,200 ms,5.67e-7,5.67e-7
Compare,59 Pr 142m,14.6 m,5.45e-7,5.45e-7
Compare,42 Mo 114,80 ms,5.44e-7,5.44e-7
Compare,60 Nd 160,588.3 ms,5.06e-7,5.06e-7
Compare,27 Co 69,220 ms,4.66e-7,4.72e-7
Compare,34 Se 93,62 ms,4.69e-7,4.69e-7
Compare,40 Zr 108,80 ms,4.55e-7,4.55e-7
Compare,29 Cu 67,61.83 h,1.56e-8,4.48e-7
Compare,30 Zn 67,Stable,9.94e-11,4.48e-7
Compare,28 Ni 67,21 s,2.29e-7,4.33e-7
Compare,43 Tc 98,4.2 My,4.17e-7,4.17e-7
Compare,44 Ru 98,Stable,9.14e-12,4.17e-7
Compare,62 Sm 164,1.226 s,4.17e-7,4.17e-7
Compare,61 Pm 162,267.9 ms,4.16e-7,4.16e-7
Compare,27 Co 70,119 ms,3.61e-7,3.63e-7
Compare,58 Ce 139,137.641 d,9.80e-8,3.38e-7
Compare,27 Co 68,199 ms,3.08e-7,3.22e-7
Compare,68 Er 170,Stable,1.35e-8,3.18e-7
Compare,55 Cs 132,6.480 d,2.98e-7,2.98e-7
Compare,45 Rh 120,136 ms,2.75e-7,2.75e-7
Compare,28 Ni 75,600 ms,2.64e-7,2.64e-7
Compare,46 Pd 109m,4.69 m,2.61e-7,2.61e-7
Compare,42 Mo 111,200 ms,2.53e-7,2.53e-7
Compare,67 Ho 170,2.76 m,5.83e-8,2.46e-7
Compare,58 Ce 139m,54.8 s,2.40e-7,2.40e-7
Compare,63 Eu 166,400 ms,2.39e-7,2.39e-7
Compare,36 Kr 81,229 ky,2.06e-7,2.37e-7
Compare,34 Se 94,59 ms,2.28e-7,2.28e-7
Compare,36 Kr 98,46 ms,2.24e-7,2.24e-7
Compare,44 Ru 118,123 ms,2.23e-7,2.23e-7
Compare,50 Sn 116,Stable,2.06e-11,2.23e-7
Compare,29 Cu 66,5.120 m,1.38e-9,2.21e-7
Compare,30 Zn 66,Stable,3.50e-12,2.21e-7
Compare,28 Ni 66,54.6 h,6.78e-8,2.19e-7
Compare,27 Co 67,425 ms,1.86e-7,2.04e-7
Compare,59 Pr 158,134.2 ms,1.96e-7,1.96e-7
Compare,35 Br 79m,4.86 s,1.91e-7,1.91e-7
Compare,66 Dy 170,30 s,1.77e-7,1.88e-7
Compare,39 Y 88,106.626 d,1.79e-7,1.79e-7
Compare,65 Tb 169,2.0 s,1.76e-7,1.79e-7
Compare,30 Zn 82,52 ms,1.75e-7,1.75e-7
Compare,51 Sb 139,127 ms,1.74e-7,1.74e-7
Compare,68 Er 171,7.516 h,2.27e-8,1.57e-7
Compare,69 Tm 171,1.92 y,2.71e-10,1.57e-7
Compare,70 Yb 171,Stable,no data,1.57e-7
Compare,27 Co 66,200 ms,1.15e-7,1.52e-7
Compare,49 In 116m,54.29 m,7.40e-8,1.48e-7
Compare,43 Tc 116,90 ms,1.46e-7,1.46e-7
Compare,67 Ho 171,53 s,8.87e-8,1.34e-7
Compare,67 Ho 166m,1.20 ky,1.32e-7,1.32e-7
Compare,27 Co 71,79 ms,1.29e-7,1.29e-7
Compare,58 Ce 156,369 ms,1.23e-7,1.23e-7
Compare,29 Cu 68m,225 s,1.16e-7,1.16e-7
Compare,48 Cd 129,270 ms,1.14e-7,1.14e-7
Compare,29 Cu 79,188 ms,1.13e-7,1.13e-7
Compare,65 Tb 158,180 y,9.99e-8,1.11e-7
Compare,35 Br 97,40 ms,7.72e-8,7.72e-8
Compare,49 In 116,14.10 s,7.40e-8,7.40e-8
Compare,49 In 116n,2.18 s,7.40e-8,7.40e-8
Compare,64 Gd 152,1.08E+14 y,4.43e-12,7.13e-8
Compare,30 Zn 69m,13.76 h,7.01e-8,7.01e-8
Compare,64 Gd 168,300 ms,6.99e-8,7.01e-8
Compare,63 Eu 152,13.537 y,4.53e-8,6.79e-8
Compare,63 Eu 152m,9.3116 h,4.53e-8,6.79e-8
Compare,67 Ho 170m,43 s,5.83e-8,5.83e-8
Compare,37 Rb 83,86.2 d,5.01e-8,5.01e-8
Compare,69 Tm 172,2.65 d,5.40e-10,4.94e-8
Compare,70 Yb 172,Stable,1.94e-12,4.94e-8
Compare,68 Er 172,49.3 h,1.91e-8,4.89e-8
Compare,66 Dy 171,6 s,4.43e-8,4.54e-8
Compare,63 Eu 152n,96 m,4.53e-8,4.53e-8
Compare,50 Sn 137,190 ms,4.35e-8,4.35e-8
Compare,27 Co 72,59.9 ms,4.13e-8,4.14e-8
Compare,48 Cd 108,Stable,no data,4.06e-8
Compare,28 Ni 76,238 ms,3.94e-8,3.94e-8
Compare,37 Rb 84,32.82 d,3.86e-8,3.86e-8
Compare,26 Fe 66,440 ms,3.63e-8,3.67e-8
Compare,46 Pd 123,244 ms,3.62e-8,3.62e-8
Compare,36 Kr 81m,13.10 s,3.08e-8,3.08e-8
Compare,40 Zr 90m,809.2 ms,3.00e-8,3.00e-8
Compare,67 Ho 172,25 s,2.41e-8,2.98e-8
Compare,31 Ga 85,48 ms,2.86e-8,2.86e-8
Compare,32 Ge 88,66 ms,2.72e-8,2.72e-8
Compare,51 Sb 120m,5.76 d,2.47e-8,2.47e-8
Compare,47 Ag 108,2.382 m,2.08e-8,2.26e-8
Compare,47 Ag 108m,438 y,2.08e-8,2.08e-8
Compare,26 Fe 67,416 ms,1.82e-8,1.83e-8
Compare,57 La 154,228 ms,1.82e-8,1.82e-8
Compare,66 Dy 158,Stable,8.54e-12,1.78e-8
Compare,51 Sb 120,15.89 m,1.71e-8,1.71e-8
Compare,47 Ag 130,50 ms,1.70e-8,1.70e-8
Compare,62 Sm 165,764 ms,1.40e-8,1.40e-8
Compare,37 Rb 101,32 ms,1.39e-8,1.39e-8
Compare,26 Fe 68,187 ms,1.35e-8,1.35e-8
Compare,61 Pm 163,200 ms,1.19e-8,1.19e-8
Compare,60 Nd 161,488.4 ms,1.13e-8,1.13e-8
Compare,65 Tb 158m,10.70 s,1.11e-8,1.11e-8
Compare,38 Sr 85,64.84 d,5.65e-9,1.06e-8
Compare,55 Cs 149,50 ms,1.04e-8,1.04e-8
Compare,65 Tb 170,3.0 s,1.03e-8,1.04e-8
Compare,38 Sr 104,43 ms,9.44e-9,9.44e-9
Compare,45 Rh 121,151 ms,9.09e-9,9.09e-9
Compare,43 Tc 97,4.21 My,4.11e-9,8.22e-9
Compare,65 Tb 157,71 y,8.17e-9,8.17e-9
Compare,61 Pm 146,5.53 y,7.89e-9,7.89e-9
Compare,31 Ga 70,21.14 m,7.77e-9,7.77e-9
Compare,32 Ge 70,Stable,4.55e-12,7.77e-9
Compare,39 Y 106,66 ms,7.29e-9,7.29e-9
Compare,29 Cu 80,170 ms,7.23e-9,7.23e-9
Compare,41 Nb 92,34.7 My,7.20e-9,7.20e-9
Compare,67 Ho 164,29 m,2.11e-9,7.05e-9
Compare,63 Eu 167,200 ms,6.93e-9,6.93e-9
Compare,49 In 135,92 ms,6.87e-9,6.87e-9
Compare,27 Co 73,41 ms,6.80e-9,6.81e-9
Compare,33 As 74,17.77 d,2.03e-9,6.76e-9
Compare,56 Ba 132,Stable,5.94e-12,6.55e-9
Compare,42 Mo 112,287 ms,5.95e-9,5.95e-9
Compare,26 Fe 69,109 ms,5.87e-9,5.87e-9
Compare,66 Dy 172,3 s,5.62e-9,5.66e-9
Compare,38 Sr 85m,67.63 m,5.65e-9,5.65e-9
Compare,51 Sb 140,,5.61e-9,5.61e-9
Compare,56 Ba 152,228 ms,5.36e-9,5.36e-9
Compare,67 Ho 164m,37.5 m,4.93e-9,4.93e-9
Compare,30 Zn 83,43 ms,4.91e-9,4.91e-9
Compare,33 As 74m,,4.73e-9,4.73e-9
Compare,59 Pr 159,105.5 ms,4.13e-9,4.13e-9
Compare,43 Tc 97m,91.0 d,4.11e-9,4.11e-9
Compare,68 Er 164,Stable,1.20e-12,3.74e-9
Compare,28 Ni 77,61 ms,3.45e-9,3.45e-9
Compare,35 Br 78,6.45 m,3.37e-9,3.37e-9
Compare,64 Gd 169,1 s,3.29e-9,3.29e-9
Compare,44 Ru 119,162 ms,3.11e-9,3.11e-9
Compare,39 Y 87,79.8 h,2.88e-9,2.88e-9
Compare,62 Sm 146,103 My,no data,2.76e-9
Compare,53 I 145,127 ms,2.72e-9,2.72e-9
Compare,48 Cd 133,,2.71e-9,2.71e-9
Compare,55 Cs 131,9.689 d,2.62e-9,2.62e-9
Compare,36 Kr 99,27 ms,2.61e-9,2.61e-9
Compare,54 Xe 147,100 ms,2.46e-9,2.46e-9
Compare,34 Se 74,Stable,no data,2.21e-9
Compare,45 Rh 102,207.3 d,2.03e-9,2.03e-9
Compare,45 Rh 102m,3.742 y,2.03e-9,2.03e-9
Compare,26 Fe 70,94 ms,1.84e-9,1.84e-9
Compare,58 Ce 157,242.8 ms,1.79e-9,1.79e-9
Compare,41 Nb 109,190 ms,1.78e-9,1.78e-9
Compare,38 Sr 84,Stable,2.23e-10,1.38e-9
Compare,56 Ba 133,3.841E+3 d,1.26e-9,1.26e-9
Compare,31 Ga 86,29 ms,1.18e-9,1.18e-9
Compare,65 Tb 171,500 ms,1.12e-9,1.12e-9
Compare,67 Ho 163,4.570 ky,9.58e-10,1.10e-9
Compare,51 Sb 119,38.19 h,8.83e-10,8.83e-10
Compare,47 Ag 107m,44.3 s,8.44e-10,8.44e-10
Compare,52 Te 143,,8.20e-10,8.20e-10
Compare,27 Co 74,30 ms,7.26e-10,7.26e-10
Compare,39 Y 107,30 ms,6.81e-10,6.81e-10
Compare,40 Zr 89,78.41 h,6.57e-10,6.57e-10
Compare,55 Cs 150,50 ms,6.34e-10,6.34e-10
Compare,47 Ag 124,172 ms,6.16e-10,6.16e-10
Compare,51 Sb 141,,4.90e-10,4.90e-10
Compare,47 Ag 131,,4.49e-10,4.49e-10
Compare,38 Sr 105,55.6 ms,4.46e-10,4.46e-10
Compare,62 Sm 166,,4.35e-10,4.35e-10
Compare,43 Tc 117,40 ms,4.11e-10,4.11e-10
Compare,57 La 135,19.5 h,3.86e-10,3.86e-10
Compare,50 Sn 138,,3.79e-10,3.79e-10
Compare,59 Pr 140,3.39 m,3.77e-10,3.77e-10
Compare,25 Mn 66,64 ms,3.69e-10,3.70e-10
Compare,52 Te 121,19.17 d,1.84e-10,3.47e-10
Compare,32 Ge 89,39 ms,3.24e-10,3.24e-10
Compare,46 Pd 102,Stable,no data,3.24e-10
Compare,37 Rb 102,37 ms,3.20e-10,3.20e-10
Compare,29 Cu 81,28 ms,2.80e-10,2.80e-10
Compare,65 Tb 156,5.35 d,2.63e-10,2.77e-10
Compare,66 Dy 159,144.4 d,2.59e-10,2.59e-10
Compare,28 Ni 78,110 ms,2.38e-10,2.38e-10
Compare,64 Gd 153,240.4 d,2.17e-10,2.17e-10
Compare,32 Ge 71,11.43 d,1.00e-10,2.00e-10
Compare,61 Pm 145,17.7 y,2.00e-10,2.00e-10
Compare,52 Te 121m,164.2 d,1.84e-10,1.84e-10
Compare,26 Fe 71,28 ms,1.83e-10,1.83e-10
Compare,60 Nd 162,,1.75e-10,1.75e-10
Compare,61 Pm 164,,1.72e-10,1.72e-10
Compare,57 La 155,184 ms,1.66e-10,1.66e-10
Compare,33 As 73,80.30 d,1.43e-10,1.43e-10
Compare,67 Ho 163m,1.09 s,1.43e-10,1.43e-10
Compare,45 Rh 122,108 ms,1.31e-10,1.31e-10
Compare,42 Mo 115,92 ms,1.26e-10,1.26e-10
Compare,63 Eu 168,,1.23e-10,1.23e-10
Compare,53 I 123,13.2234 h,1.16e-10,1.16e-10
Compare,30 Zn 84,,1.03e-10,1.03e-10
Compare,32 Ge 71m,20.41 ms,1.00e-10,1.00e-10
Compare,54 Xe 148,,9.09e-11,9.09e-11
Compare,34 Se 75,119.79 d,9.06e-11,9.06e-11
Compare,33 As 92,27 ms,9.00e-11,9.00e-11
Compare,58 Ce 137,9.0 h,8.89e-11,8.89e-11
Compare,32 Ge 90,,8.47e-11,8.47e-11
Compare,41 Nb 91,680 y,8.18e-11,8.18e-11
Compare,64 Gd 170,,8.09e-11,8.10e-11
Compare,34 Se 95,,7.76e-11,7.76e-11
Compare,25 Mn 67,47 ms,7.58e-11,7.58e-11
Compare,37 Rb 103,,7.04e-11,7.04e-11
Compare,36 Kr 100,7 ms,6.52e-11,6.52e-11
Compare,53 I 146,,6.09e-11,6.09e-11
Compare,56 Ba 153,158 ms,6.06e-11,6.06e-11
Compare,27 Co 75,34 ms,5.50e-11,5.50e-11
Compare,67 Ho 162,15 m,2.21e-11,5.46e-11
Compare,52 Te 144,,5.17e-11,5.17e-11
Compare,67 Ho 162m,67.0 m,5.16e-11,5.16e-11
Compare,47 Ag 125,166 ms,4.98e-11,4.98e-11
Compare,59 Pr 160,,4.76e-11,4.76e-11
Compare,69 Tm 170,128.6 d,4.53e-11,4.53e-11
Compare,70 Yb 170,Stable,no data,4.53e-11
Compare,31 Ga 87,,4.49e-11,4.49e-11
Compare,65 Tb 172,,4.07e-11,4.08e-11
Compare,45 Rh 101m,4.34 d,3.82e-11,3.82e-11
Compare,55 Cs 151,50 ms,3.33e-11,3.33e-11
Compare,44 Ru 120,149 ms,3.33e-11,3.33e-11
Compare,35 Br 77,2.3765 d,7.58e-12,3.30e-11
Compare,65 Tb 156m,24.4 h,2.92e-11,2.92e-11
Compare,49 In 136,,2.82e-11,2.82e-11
Compare,35 Br 77m,4.28 m,2.54e-11,2.54e-11
Compare,26 Fe 72,150 ns,2.28e-11,2.28e-11
Compare,41 Nb 114,,2.17e-11,2.17e-11
Compare,48 Cd 134,,2.14e-11,2.14e-11
Compare,68 Er 165,10.36 h,2.11e-11,2.11e-11
Compare,36 Kr 79,35.04 h,9.75e-12,1.95e-11
Compare,58 Ce 158,,1.86e-11,1.86e-11
Compare,39 Y 108,48 ms,1.81e-11,1.81e-11
Compare,25 Mn 68,28 ms,1.58e-11,1.58e-11
Compare,45 Rh 101,3.3 y,8.95e-12,1.28e-11
Compare,42 Mo 116,,1.16e-11,1.16e-11
Compare,42 Mo 93,4.0 ky,5.70e-12,1.14e-11
Compare,36 Kr 79m,50 s,9.75e-12,9.75e-12
Compare,43 Tc 118,66 ms,8.88e-12,8.88e-12
Compare,47 Ag 106m,8.28 d,8.06e-12,8.06e-12
Compare,28 Ni 79,,8.05e-12,8.05e-12
Compare,49 In 114,71.9 s,1.86e-12,7.24e-12
Compare,50 Sn 114,Stable,no data,7.09e-12
Compare,37 Rb 81,4.572 h,6.84e-12,6.84e-12
Compare,42 Mo 93m,6.85 h,5.70e-12,5.70e-12
Compare,49 In 114m,49.51 d,5.57e-12,5.57e-12
Compare,57 La 156,,4.90e-12,4.90e-12
Compare,40 Zr 88,83.4 d,4.86e-12,4.86e-12
Compare,42 Mo 113,100 ms,4.78e-12,4.78e-12
Compare,34 Se 96,,4.76e-12,4.76e-12
Compare,65 Tb 155,5.32 d,4.65e-12,4.65e-12
Compare,47 Ag 126,107 ms,3.87e-12,3.87e-12
Compare,46 Pd 103,16.991 d,3.64e-12,3.64e-12
Compare,59 Pr 139,4.41 h,3.55e-12,3.55e-12
Compare,67 Ho 161,2.48 h,3.07e-12,3.53e-12
Compare,62 Sm 167,,3.46e-12,3.46e-12
Compare,47 Ag 106,23.96 m,3.45e-12,3.45e-12
Compare,29 Cu 82,,3.36e-12,3.36e-12
Compare,51 Sb 118m,5.00 h,3.05e-12,3.05e-12
Compare,25 Mn 69,14 ms,2.67e-12,2.67e-12
Compare,52 Te 120,Stable,2.52e-12,2.52e-12
Compare,64 Gd 171,,2.40e-12,2.40e-12
Compare,63 Eu 169,,2.27e-12,2.27e-12
Compare,61 Pm 165,,2.22e-12,2.22e-12
Compare,27 Co 76,,2.15e-12,2.15e-12
Compare,51 Sb 118,3.6 m,2.12e-12,2.12e-12
Compare,31 Ga 68,67.71 m,2.03e-12,2.04e-12
Compare,30 Zn 85,,2.04e-12,2.04e-12
Compare,33 As 72,26.0 h,1.65e-12,1.65e-12
Compare,69 Tm 168,93.1 d,1.58e-12,1.58e-12
Compare,60 Nd 163,,1.31e-12,1.31e-12
Compare,38 Sr 83,32.41 h,1.16e-12,1.16e-12
Compare,61 Pm 144,363 d,1.12e-12,1.12e-12
Compare,44 Ru 121,,6.47e-13,6.47e-13
Compare,59 Pr 161,,5.43e-13,5.43e-13
Compare,58 Ce 159,,2.94e-13,2.94e-13
Compare,27 Co 77,,1.66e-13,1.66e-13
Compare,43 Tc 119,,1.49e-13,1.49e-13
Compare,61 Pm 166,,1.73e-14,1.73e-14
Compare,41 Nb 111,80 ms,1.04e-14,1.04e-14
Compare,59 Pr 162,,6.97e-15,6.97e-15
Compare,47 Ag 129,46 ms,4.68e-15,4.68e-15
Compare,25 Mn 72,,9.08e-16,9.08e-16
Compare,41 Nb 112,69 ms,2.02e-16,2.02e-16
Compare,24 Cr 69,,1.90e-16,1.90e-16
Compare,61 Pm 167,,1.66e-16,1.66e-16
Compare,62 Sm 169,,1.62e-16,1.62e-16
Compare,63 Eu 171,,1.15e-16,1.15e-16
Compare,24 Cr 66,10 ms,no data,no data
Compare,24 Cr 67,50 ms,no data,no data
Compare,24 Cr 68,,no data,no data
Compare,24 Cr 70,,no data,no data
Compare,25 Mn 70,,no data,no data
Compare,25 Mn 71,,no data,no data
Compare,26 Fe 73,,no data,no data
Compare,26 Fe 74,,no data,no data
Compare,26 Fe 76,,no data,no data
Compare,28 Ni 80,,no data,no data
Compare,28 Ni 82,,no data,no data
Compare,30 Zn 86,,no data,no data
Compare,31 Ga 66,9.49 h,no data,no data
Compare,31 Ga 67,3.2617 d,no data,no data
Compare,32 Ge 66,2.26 h,no data,no data
Compare,32 Ge 67,18.9 m,no data,no data
Compare,32 Ge 68,270.95 d,no data,no data
Compare,32 Ge 69,39.05 h,no data,no data
Compare,33 As 69,15.23 m,no data,no data
Compare,33 As 71,65.30 h,no data,no data
Compare,34 Se 72,8.40 d,no data,no data
Compare,34 Se 73,7.15 h,no data,no data
Compare,34 Se 73m,39.8 m,no data,no data
Compare,34 Se 91,270 ms,no data,no data
Compare,35 Br 75,96.7 m,no data,no data
Compare,36 Kr 77,1.24 h,no data,no data
Compare,36 Kr 78,Stable,no data,no data
Compare,37 Rb 79,22.9 m,no data,no data
Compare,39 Y 85,2.68 h,no data,no data
Compare,39 Y 97m,1.17 s,1.48,no data
Compare,40 Zr 87,1.68 h,no data,no data
Compare,40 Zr 109,117 ms,no data,no data
Compare,40 Zr 110,98 ms,no data,no data
Compare,40 Zr 111,,no data,no data
Compare,40 Zr 112,,no data,no data
Compare,41 Nb 89,2.03 h,no data,no data
Compare,41 Nb 90,14.60 h,no data,no data
Compare,41 Nb 110,170 ms,no data,no data
Compare,41 Nb 113,30 ms,no data,no data
Compare,42 Mo 90,5.67 h,no data,no data
Compare,42 Mo 91,15.49 m,no data,no data
Compare,42 Mo 92,Stable,no data,no data
Compare,43 Tc 93,165 m,no data,no data
Compare,43 Tc 95,20.0 h,no data,no data
Compare,43 Tc 95m,61 d,no data,no data
Compare,44 Ru 95,1.643 h,no data,no data
Compare,44 Ru 96,Stable,no data,no data
Compare,44 Ru 97,2.83 d,no data,no data
Compare,44 Ru 122,,no data,no data
Compare,44 Ru 124,,no data,no data
Compare,45 Rh 99,16.1 d,no data,no data
Compare,45 Rh 123,48.9 ms,no data,no data
Compare,45 Rh 124,,no data,no data
Compare,46 Pd 99,21.4 m,no data,no data
Compare,46 Pd 101,8.47 h,no data,no data
Compare,46 Pd 124,38 ms,no data,no data
Compare,46 Pd 125,398.7 ms,no data,no data
Compare,46 Pd 126,249.9 ms,no data,no data
Compare,46 Pd 128,,no data,no data
Compare,46 Pd 129,,no data,no data
Compare,46 Pd 130,,no data,no data
Compare,47 Ag 103,65.7 m,no data,no data
Compare,47 Ag 105,41.29 d,no data,no data
Compare,47 Ag 105m,7.23 m,no data,no data
Compare,47 Ag 110,24.6 s,no data,no data
Compare,47 Ag 110m,249.76 d,no data,no data
Compare,47 Ag 127,109 ms,no data,no data
Compare,47 Ag 128,58 ms,no data,no data
Compare,48 Cd 105,55.5 m,no data,no data
Compare,48 Cd 106,Stable,no data,no data
Compare,48 Cd 107,6.50 h,no data,no data
Compare,48 Cd 109,461.4 d,no data,no data
Compare,48 Cd 110,Stable,no data,no data
Compare,48 Cd 111m,48.54 m,no data,no data
Compare,48 Cd 136,,no data,no data
Compare,49 In 107,32.4 m,no data,no data
Compare,49 In 109,4.167 h,no data,no data
Compare,49 In 111,2.8047 d,no data,no data
Compare,49 In 112,14.97 m,no data,no data
Compare,49 In 112m,20.56 m,no data,no data
Compare,49 In 113m,99.476 m,no data,no data
Compare,49 In 120n,47.3 s,1.07e-3,no data
Compare,49 In 122n,10.8 s,7.33e-3,no data
Compare,49 In 130m,540 ms,0.0111,no data
Compare,49 In 130n,540 ms,0.0111,no data
Compare,49 In 131m,350 ms,4.17e-3,no data
Compare,50 Sn 111,35.3 m,no data,no data
Compare,50 Sn 112,Stable,no data,no data
Compare,50 Sn 113,115.09 d,no data,no data
Compare,50 Sn 113m,21.4 m,no data,no data
Compare,51 Sb 113,6.67 m,no data,no data
Compare,51 Sb 115,32.1 m,no data,no data
Compare,51 Sb 117,2.80 h,no data,no data
Compare,51 Sb 124n,20.2 m,3.33e-5,no data
Compare,52 Te 115,5.8 m,no data,no data
Compare,52 Te 117,62 m,no data,no data
Compare,52 Te 118,6.00 d,no data,no data
Compare,52 Te 119,16.05 h,no data,no data
Compare,53 I 121,2.12 h,no data,no data
Compare,53 I 125,59.40 d,no data,no data
Compare,53 I 126,12.93 d,no data,no data
Compare,54 Xe 124,Stable,no data,no data
Compare,54 Xe 125,16.9 h,no data,no data
Compare,54 Xe 125m,56.9 s,no data,no data
Compare,54 Xe 126,Stable,no data,no data
Compare,54 Xe 127,36.4 d,no data,no data
Compare,54 Xe 127m,1.15 m,no data,no data
Compare,54 Xe 129m,8.88 d,no data,no data
Compare,54 Xe 150,,no data,no data
Compare,55 Cs 127,6.25 h,no data,no data
Compare,55 Cs 129,32.06 h,no data,no data
Compare,56 Ba 129,2.23 h,no data,no data
Compare,56 Ba 131,11.50 d,no data,no data
Compare,56 Ba 154,,no data,no data
Compare,57 La 133,3.912 h,no data,no data
Compare,58 Ce 135,17.7 h,no data,no data
Compare,58 Ce 160,,no data,no data
Compare,60 Nd 140,3.37 d,no data,no data
Compare,60 Nd 141,2.49 h,no data,no data
Compare,60 Nd 164,,no data,no data
Compare,61 Pm 141,20.90 m,no data,no data
Compare,61 Pm 143,265 d,no data,no data
Compare,62 Sm 143,8.75 m,no data,no data
Compare,62 Sm 143m,66 s,no data,no data
Compare,62 Sm 144,Stable,no data,no data
Compare,62 Sm 145,340 d,no data,no data
Compare,62 Sm 168,,no data,no data
Compare,62 Sm 170,,no data,no data
Compare,63 Eu 147,24.1 d,no data,no data
Compare,63 Eu 149,93.1 d,no data,no data
Compare,63 Eu 170,,no data,no data
Compare,64 Gd 147,38.06 h,no data,no data
Compare,64 Gd 149,9.28 d,no data,no data
Compare,64 Gd 151,124 d,no data,no data
Compare,64 Gd 172,,no data,no data
Compare,65 Tb 151,17.609 h,no data,no data
Compare,65 Tb 153,2.34 d,no data,no data
Compare,66 Dy 155,9.9 h,no data,no data
Compare,66 Dy 156,Stable,no data,no data
Compare,66 Dy 157,8.14 h,no data,no data
Compare,67 Ho 159,33.05 m,no data,no data
Compare,67 Ho 159m,8.30 s,no data,no data
Compare,67 Ho 161m,6.76 s,no data,no data
Compare,68 Er 161,3.21 h,no data,no data
Compare,68 Er 162,Stable,no data,no data
Compare,68 Er 163,75.0 m,no data,no data
Compare,69 Tm 165,30.06 h,no data,no data
Compare,69 Tm 166,7.70 h,no data,no data
Compare,69 Tm 167,9.25 d,no data,no data
Compare,70 Yb 166,56.7 h,no data,no data
Compare,70 Yb 167,17.5 m,no data,no data
Compare,70 Yb 168,Stable,no data,no data
Compare,70 Yb 169,32.018 d,no data,no data
Compare,70 Yb 169m,46 s,no data,no data
Compare,71 Lu 169,34.06 h,no data,no data
Compare,71 Lu 169m,2.7 m,no data,no data
Compare,71 Lu 171,8.24 d,no data,no data
Compare,71 Lu 171m,79 s,no data,no data
Compare,71 Lu 172,6.70 d,no data,no data
Compare,71 Lu 172m,3.7 m,no data,no data
Compare,72 Hf 171,12.1 h,no data,no data
Compare,72 Hf 172,1.87 y,no data,no data
